feed_name,body,poster_id,action,unique_id,timestring,timestamp,iscomment
BALT,N6LA32,yuuyaw,MAKE POST,425338556,2016-12-12 10:42:34,1481557354.89216,f
BALT,AU9XTT,darekj,MAKE POST,862879507,2016-12-12 10:42:35,1481557355.0393,f
BALT,KH0FVM,mashis,MAKE POST,856687945,2016-12-12 10:42:35,1481557355.20228,f
BALT,US6JVG,paulc,MAKE POST,834817800,2016-12-12 10:42:35,1481557355.45188,f
BALT,RGUC5R,mashis,MAKE POST,793906505,2016-12-12 10:42:35,1481557355.63791,f
BALT,1K10SN,briank,MAKE POST,227806768,2016-12-12 10:42:35,1481557355.81839,f
BALT,Q47TPS,luisv,MAKE POST,114938381,2016-12-12 10:42:35,1481557355.97767,f
BALT,0JJ4P2,briank,MAKE POST,588574878,2016-12-12 10:42:36,1481557356.17619,f
BALT,KGFSXQ,darekj,MAKE POST,842886710,2016-12-12 10:42:36,1481557356.49967,f
BALT,BZBGUK,darekj,MAKE POST,82230943,2016-12-12 10:42:36,1481557356.65642,f
BALT,C46B16,elic,MAKE POST,295026857,2016-12-12 10:42:36,1481557356.82063,f
BALT,TUWOYE,luisv,MAKE POST,457381899,2016-12-12 10:42:36,1481557356.99316,f
BALT,TH39IP,shoutay,MAKE POST,290182673,2016-12-12 10:42:37,1481557357.15752,f
BALT,HRDTJ6,darekj,MAKE POST,646985080,2016-12-12 10:42:37,1481557357.33188,f
BALT,4WX6PF,darekj,MAKE POST,396521971,2016-12-12 10:42:37,1481557357.66927,f
BALT,7PI79U,mashis,MAKE POST,556071056,2016-12-12 10:42:37,1481557357.84398,f
BALT,DTARAD,gabbys,MAKE POST,397255548,2016-12-12 10:42:38,1481557358.00508,f
BALT,29L840,briank,MAKE POST,332679706,2016-12-12 10:42:38,1481557358.21385,f
BALT,3IJ2HI,darekj,MAKE POST,587671365,2016-12-12 10:42:38,1481557358.46843,f
BALT,9AHKX6,shoutay,MAKE POST,708145194,2016-12-12 10:42:38,1481557358.65049,f
BALT,84KMPN,mashis,MAKE POST,563466212,2016-12-12 10:42:38,1481557358.84291,f
BALT,RIMHV2,mashis,MAKE POST,827746579,2016-12-12 10:42:39,1481557359.00239,f
BALT,H9NR9F,briank,MAKE POST,81881209,2016-12-12 10:42:39,1481557359.16608,f
BALT,RE9AFP,briank,MAKE POST,954319915,2016-12-12 10:42:39,1481557359.32716,f
BALT,TMQRW1,elic,MAKE POST,986026201,2016-12-12 10:42:39,1481557359.55679,f
BALT,4YVURX,gabbys,MAKE POST,555974993,2016-12-12 10:42:39,1481557359.72086,f
BALT,4IACN0,briank,MAKE POST,384025823,2016-12-12 10:42:39,1481557359.88343,f
BALT,AFU16I,mashis,MAKE POST,234230941,2016-12-12 10:42:40,1481557360.06828,f
BALT,X5H6SP,paulc,MAKE POST,678882290,2016-12-12 10:42:40,1481557360.22422,f
BALT,7KIC3A,darekj,MAKE POST,926230258,2016-12-12 10:42:40,1481557360.44816,f
BALT,24YGCJ,elic,MAKE POST,74820418,2016-12-12 10:42:40,1481557360.63654,f
BALT,RE2YOC,mashis,MAKE POST,424183712,2016-12-12 10:42:40,1481557360.81472,f
BALT,R5MLVV,paulc,MAKE POST,58742551,2016-12-12 10:42:40,1481557360.96937,f
BALT,924916,briank,MAKE POST,279044620,2016-12-12 10:42:41,1481557361.12901,f
BALT,BUK1DF,luisv,MAKE POST,956936804,2016-12-12 10:42:41,1481557361.29996,f
BALT,X4X1XT,elic,MAKE POST,239132688,2016-12-12 10:42:41,1481557361.57714,f
BALT,6SSNFM,paulc,MAKE POST,693356798,2016-12-12 10:42:41,1481557361.74025,f
BALT,C2QDC9,briank,MAKE POST,594276939,2016-12-12 10:42:41,1481557361.9026,f
BALT,XUIPN9,luisv,MAKE POST,522606463,2016-12-12 10:42:42,1481557362.0624,f
BALT,4I4LKB,paulc,MAKE POST,918213011,2016-12-12 10:42:42,1481557362.21829,f
BALT,PSG3ON,elic,MAKE COMMENT,236600856,2016-12-12 10:42:43,1481557363.23527,t
BALT,K8WBI0,luisv,MAKE COMMENT,236600857,2016-12-12 10:42:43,1481557363.55506,t
BALT,8HBVNW,elic,MAKE COMMENT,236600858,2016-12-12 10:42:43,1481557363.79824,t
BALT,D6XSNT,yuuyaw,MAKE COMMENT,341910590,2016-12-12 10:42:44,1481557364.07405,t
BALT,28W3EF,yuuyaw,MAKE COMMENT,339066336,2016-12-12 10:42:44,1481557364.317,t
BALT,XC4EDV,darekj,MAKE COMMENT,339066337,2016-12-12 10:42:44,1481557364.64853,t
BALT,X41LWO,yuuyaw,MAKE COMMENT,339066338,2016-12-12 10:42:44,1481557364.90311,t
BALT,C1HS2H,briank,MAKE COMMENT,339066339,2016-12-12 10:42:45,1481557365.17815,t
BALT,80C8MA,luisv,MAKE COMMENT,339066340,2016-12-12 10:42:45,1481557365.5542,t
BALT,2Z0EEH,luisv,MAKE COMMENT,225412213,2016-12-12 10:42:45,1481557365.88435,t
BALT,ZSFDT5,briank,MAKE COMMENT,225412214,2016-12-12 10:42:46,1481557366.13132,t
BALT,022NWU,elic,MAKE COMMENT,225412215,2016-12-12 10:42:46,1481557366.50834,t
BALT,PSM8FS,mashis,MAKE COMMENT,126684967,2016-12-12 10:42:46,1481557366.78053,t
BALT,AXB6H6,mashis,MAKE COMMENT,676526156,2016-12-12 10:42:47,1481557367.02053,t
BALT,W6YGSF,briank,MAKE COMMENT,952924935,2016-12-12 10:42:47,1481557367.3,t
BALT,1Y5XU5,paulc,MAKE COMMENT,952924936,2016-12-12 10:42:47,1481557367.6211,t
BALT,BYDBVN,mashis,MAKE COMMENT,952924937,2016-12-12 10:42:47,1481557367.91324,t
BALT,GP9ZX8,paulc,MAKE COMMENT,952924938,2016-12-12 10:42:48,1481557368.19334,t
BALT,PYI1LJ,briank,MAKE COMMENT,952924939,2016-12-12 10:42:48,1481557368.53661,t
BALT,NINM68,yuuyaw,MAKE COMMENT,701362897,2016-12-12 10:42:48,1481557368.86623,t
BALT,7FQAQX,mashis,MAKE COMMENT,701362898,2016-12-12 10:42:49,1481557369.24612,t
BALT,PC3NV3,briank,MAKE COMMENT,701362899,2016-12-12 10:42:49,1481557369.54798,t
BALT,8T2Z16,briank,MAKE COMMENT,167331972,2016-12-12 10:42:49,1481557369.84673,t
BALT,MESUWG,darekj,MAKE COMMENT,167331973,2016-12-12 10:42:50,1481557370.09511,t
BALT,2QSXTC,paulc,MAKE COMMENT,167331974,2016-12-12 10:42:50,1481557370.4629,t
BALT,6G1DLS,paulc,MAKE COMMENT,167331975,2016-12-12 10:42:50,1481557370.73368,t
BALT,ZE3HLR,elic,MAKE COMMENT,228316755,2016-12-12 10:42:51,1481557371.01466,t
BALT,3BXD7J,mashis,MAKE COMMENT,322448905,2016-12-12 10:42:51,1481557371.24822,t
BALT,ELKSJ0,yuuyaw,MAKE COMMENT,322448906,2016-12-12 10:42:51,1481557371.5905,t
BALT,RWO00K,luisv,MAKE COMMENT,858521929,2016-12-12 10:42:51,1481557371.84819,t
BALT,UUYEVY,elic,MAKE COMMENT,858521930,2016-12-12 10:42:52,1481557372.08102,t
BALT,NLQ908,mashis,MAKE COMMENT,858521931,2016-12-12 10:42:52,1481557372.35332,t
BALT,0EUZP9,elic,MAKE COMMENT,858521932,2016-12-12 10:42:52,1481557372.75492,t
BALT,N6LA32,yuuyaw,REPORTED POST,425338556,2016-12-12 10:42:54,1481557374.595,f
BALT,RGUC5R,mashis,REPORTED POST,793906505,2016-12-12 10:42:54,1481557374.73115,f
BALT,TUWOYE,luisv,REPORTED POST,457381899,2016-12-12 10:42:54,1481557374.85832,f
BALT,TH39IP,shoutay,REPORTED POST,290182673,2016-12-12 10:42:54,1481557374.98274,f
BALT,4WX6PF,darekj,REPORTED POST,396521971,2016-12-12 10:42:55,1481557375.11056,f
BALT,DTARAD,gabbys,REPORTED POST,397255548,2016-12-12 10:42:55,1481557375.23545,f
BALT,29L840,briank,REPORTED POST,332679706,2016-12-12 10:42:55,1481557375.44461,f
BALT,4YVURX,gabbys,REPORTED POST,555974993,2016-12-12 10:42:55,1481557375.57966,f
BALT,924916,briank,REPORTED POST,279044620,2016-12-12 10:42:55,1481557375.71298,f
BALT,BUK1DF,luisv,REPORTED POST,956936804,2016-12-12 10:42:55,1481557375.90141,f
BALT,AFU16I,mashis,REPORTED POST,234230941,2016-12-12 10:42:56,1481557376.03403,f
BALT,Q47TPS,luisv,REPORTED POST,114938381,2016-12-12 10:42:56,1481557376.17448,f
BALT,3IJ2HI,darekj,REPORTED POST,587671365,2016-12-12 10:42:56,1481557376.29869,f
BALT,8HBVNW,elic,REPORTED COMMENT,236600858,2016-12-12 10:42:56,1481557376.55252,t
BALT,XC4EDV,darekj,REPORTED COMMENT,339066337,2016-12-12 10:42:56,1481557376.72624,t
BALT,C1HS2H,briank,REPORTED COMMENT,339066339,2016-12-12 10:42:56,1481557376.84838,t
BALT,2Z0EEH,luisv,REPORTED COMMENT,225412213,2016-12-12 10:42:56,1481557376.98045,t
BALT,ZSFDT5,briank,REPORTED COMMENT,225412214,2016-12-12 10:42:57,1481557377.10399,t
BALT,PSM8FS,mashis,REPORTED COMMENT,126684967,2016-12-12 10:42:57,1481557377.22859,t
BALT,AXB6H6,mashis,REPORTED COMMENT,676526156,2016-12-12 10:42:57,1481557377.48867,t
BALT,W6YGSF,briank,REPORTED COMMENT,952924935,2016-12-12 10:42:57,1481557377.62612,t
BALT,GP9ZX8,paulc,REPORTED COMMENT,952924938,2016-12-12 10:42:57,1481557377.75508,t
BALT,NINM68,yuuyaw,REPORTED COMMENT,701362897,2016-12-12 10:42:57,1481557377.90204,t
BALT,6G1DLS,paulc,REPORTED COMMENT,167331975,2016-12-12 10:42:58,1481557378.03504,t
BALT,0EUZP9,elic,REPORTED COMMENT,858521932,2016-12-12 10:42:58,1481557378.16071,t
BALT,CHANGED!,yuuyaw,EDIT POST,425338556,2016-12-12 10:42:59,1481557379.66495,f
BALT,CHANGED!,darekj,EDIT POST,862879507,2016-12-12 10:42:59,1481557379.77654,f
BALT,CHANGED!,mashis,EDIT POST,856687945,2016-12-12 10:42:59,1481557379.91221,f
BALT,CHANGED!,mashis,EDIT POST,793906505,2016-12-12 10:43:00,1481557380.04021,f
BALT,CHANGED!,darekj,EDIT POST,82230943,2016-12-12 10:43:00,1481557380.17233,f
BALT,CHANGED!,luisv,EDIT POST,457381899,2016-12-12 10:43:00,1481557380.30441,f
BALT,CHANGED!,elic,EDIT POST,74820418,2016-12-12 10:43:00,1481557380.56812,f
BALT,CHANGED!,briank,EDIT POST,279044620,2016-12-12 10:43:00,1481557380.68836,f
BALT,CHANGED!,briank,EDIT POST,594276939,2016-12-12 10:43:00,1481557380.8358,f
BALT,CHANGED!,briank,EDIT POST,227806768,2016-12-12 10:43:00,1481557380.96091,f
BALT,CHANGED!,darekj,EDIT POST,587671365,2016-12-12 10:43:01,1481557381.08837,f
BALT,CHANGED!,luisv,EDIT COMMENT,236600857,2016-12-12 10:43:01,1481557381.22333,t
BALT,CHANGED!,yuuyaw,EDIT COMMENT,341910590,2016-12-12 10:43:01,1481557381.35086,t
BALT,CHANGED!,darekj,EDIT COMMENT,339066337,2016-12-12 10:43:01,1481557381.60048,t
BALT,CHANGED!,yuuyaw,EDIT COMMENT,339066338,2016-12-12 10:43:01,1481557381.74167,t
BALT,CHANGED!,briank,EDIT COMMENT,339066339,2016-12-12 10:43:01,1481557381.87737,t
BALT,CHANGED!,luisv,EDIT COMMENT,225412213,2016-12-12 10:43:02,1481557382.02131,t
BALT,CHANGED!,paulc,EDIT COMMENT,952924936,2016-12-12 10:43:02,1481557382.16436,t
BALT,CHANGED!,mashis,EDIT COMMENT,952924937,2016-12-12 10:43:02,1481557382.35289,t
BALT,CHANGED!,briank,EDIT COMMENT,952924939,2016-12-12 10:43:02,1481557382.56791,t
BALT,CHANGED!,mashis,EDIT COMMENT,701362898,2016-12-12 10:43:02,1481557382.70364,t
BALT,CHANGED!,paulc,EDIT COMMENT,167331974,2016-12-12 10:43:02,1481557382.82921,t
BALT,CHANGED!,luisv,EDIT COMMENT,858521929,2016-12-12 10:43:02,1481557382.96367,t
BALT,CHANGED!,elic,EDIT COMMENT,858521932,2016-12-12 10:43:03,1481557383.11122,t
BALT,CHANGED!,yuuyaw,DELETE POST,425338556,2016-12-12 10:43:04,1481557384.00774,f
BALT,CHANGED!,darekj,DELETE POST,862879507,2016-12-12 10:43:04,1481557384.14017,f
BALT,CHANGED!,mashis,DELETE POST,856687945,2016-12-12 10:43:04,1481557384.29544,f
BALT,CHANGED!,mashis,DELETE POST,793906505,2016-12-12 10:43:04,1481557384.56331,f
BALT,CHANGED!,darekj,DELETE POST,82230943,2016-12-12 10:43:04,1481557384.70621,f
BALT,CHANGED!,luisv,DELETE POST,457381899,2016-12-12 10:43:04,1481557384.8481,f
BALT,CHANGED!,elic,DELETE POST,74820418,2016-12-12 10:43:05,1481557385.01069,f
BALT,CHANGED!,briank,DELETE POST,279044620,2016-12-12 10:43:05,1481557385.15393,f
BALT,CHANGED!,briank,DELETE POST,594276939,2016-12-12 10:43:05,1481557385.30403,f
BALT,CHANGED!,briank,DELETE POST,227806768,2016-12-12 10:43:05,1481557385.45266,f
BALT,CHANGED!,darekj,DELETE POST,587671365,2016-12-12 10:43:05,1481557385.62251,f
BALT,TMQRW1,elic,DELETE POST,986026201,2016-12-12 15:44:18,1481557458.04044,f
BALT,RE9AFP,briank,DELETE POST,954319915,2016-12-12 15:44:26,1481557466.52389,f
BALT,ADMIN EDIT,shoutay,EDIT POST,708145194,2016-12-12 15:44:35,1481557475.73918,f
BALT,W6YGSF,briank,DELETE COMMENT,952924935,2016-12-12 15:44:57,1481557497.44602,t
BALT,ADMIN EDIT kk,shoutay,EDIT POST,708145194,2016-12-12 15:44:59,1481557499.64407,f
BALT,ADMIN EDIT kk,shoutay,DELETE POST,708145194,2016-12-12 15:45:02,1481557502.64888,f
BALT,HRDTJ6,darekj,DELETE POST,646985080,2016-12-12 15:45:15,1481557515.15409,f
BALT,0JJ4P2,briank,DELETE POST,588574878,2016-12-12 15:45:19,1481557519.69921,f
BALT,6SSNFM,paulc,DELETE POST,693356798,2016-12-12 15:45:25,1481557525.54004,f
BALT,Q47TPS,luisv,DELETE POST,114938381,2016-12-12 15:45:28,1481557528.86611,f
BALT,AFU16Iaaa,mashis,EDIT POST,234230941,2016-12-12 15:45:33,1481557533.79607,f
BALT,AFU16Iaaa,mashis,DELETE POST,234230941,2016-12-12 15:47:31,1481557651.56447,f
BALT,US6JVG,paulc,DELETE POST,834817800,2016-12-12 15:47:34,1481557654.1395,f
BALT,4IACN0kljkljlk,briank,EDIT POST,384025823,2016-12-12 15:47:41,1481557661.86332,f
BALT,4IACN0kljkljlk,briank,DELETE POST,384025823,2016-12-12 15:47:44,1481557664.73035,f
BALT,4I4LKB aaaa,paulc,EDIT POST,918213011,2016-12-12 15:47:52,1481557672.14078,f
BALT,4I4LKB aaaa,paulc,EDIT POST,918213011,2016-12-12 15:47:58,1481557678.65076,f
BALT,X4X1XT,elic,DELETE POST,239132688,2016-12-12 15:48:02,1481557682.46549,f
BALT,4I4LKB aaaa,paulc,DELETE POST,918213011,2016-12-12 15:49:38,1481557778.65258,f
BALT,BUK1DFffff,luisv,EDIT POST,956936804,2016-12-12 15:49:43,1481557783.17125,f
BALT,BUK1DFddd,luisv,EDIT POST,956936804,2016-12-12 15:49:53,1481557793.60153,f
BALT,7KIC3Acccc,darekj,EDIT POST,926230258,2016-12-12 15:49:59,1481557799.25424,f
BALT,R5MLVVaaaa,paulc,EDIT POST,58742551,2016-12-12 15:50:10,1481557810.92902,f
BALT,X5H6SPccccc,paulc,EDIT POST,678882290,2016-12-12 15:50:45,1481557845.86885,f
BALT,?4YVURX?,gabbys,EDIT POST,555974993,2016-12-12 10:52:42,1481557962.24469,f
BALT,X5H6SPccccc,paulc,DELETE POST,678882290,2016-12-12 10:52:55,1481557975.92526,f
BALT,?4YVURX?,gabbys,DELETE POST,555974993,2016-12-12 10:53:10,1481557990.62615,f
BALT,R5MLVVaaaa,paulc,DELETE POST,58742551,2016-12-12 10:53:14,1481557994.24045,f
BALT,BUK1DFddd,luisv,DELETE POST,956936804,2016-12-12 10:53:17,1481557997.74244,f
BALT,7KIC3Acccc,darekj,EDIT POST,926230258,2016-12-12 15:53:24,1481558004.4681,f
BALT,RE2YOC,mashis,DELETE POST,424183712,2016-12-12 15:55:23,1481558123.14664,f
BALT,EDITED POST,briank,EDIT POST,81881209,2016-12-12 15:58:58,1481558338.27225,f
