body,poster_id,feed_name,comment_id,timestring,timestamp,istrade,isplay,ischill,unique_id
Q91UAM,elic,BALT,724906149,2016-12-08 03:41,1481168512,t,t,t,724906149
7IBM4R,paulc,BALT,796305161,2016-12-08 03:41,1481168512,t,f,f,796305161
LCAFZO,mashis,BALT,773315159,2016-12-08 03:41,1481168512,t,t,t,773315159
JXHK70,yuuyaw,BALT,311819888,2016-12-08 03:41,1481168512,f,t,t,311819888
ZAM7V2,shoutay,BALT,332709680,2016-12-08 03:41,1481168512,t,t,f,332709680
743DZD,darekj,BALT,187803232,2016-12-08 03:41,1481168512,f,t,t,187803232
Z4L6EZ,mashis,BALT,231245552,2016-12-08 03:41,1481168512,f,t,t,231245552
1TEIY9,briank,BALT,774823898,2016-12-08 03:41,1481168512,t,t,t,774823898
W4EDA7,briank,BALT,836912151,2016-12-08 03:41,1481168512,f,t,f,836912151
GR1I9W,briank,BALT,383829592,2016-12-08 03:41,1481168512,t,t,f,383829592
QUG0PB,shoutay,BALT,897919625,2016-12-08 03:41,1481168512,t,t,t,897919625
24LK0A,luisv,BALT,776590559,2016-12-08 03:41,1481168512,f,t,t,776590559
5GXS02,shoutay,BALT,315481282,2016-12-08 03:41,1481168512,f,t,t,315481282
2TLS87,shoutay,BALT,592571661,2016-12-08 03:41,1481168512,t,f,t,592571661
YR8JFK,shoutay,BALT,849058682,2016-12-08 03:41,1481168512,t,f,t,849058682
B1G6QT,elic,BALT,919554460,2016-12-08 03:41,1481168512,t,t,t,919554460
VLFTZT,darekj,BALT,593211605,2016-12-08 03:41,1481168512,t,t,f,593211605
AU0MJP,darekj,BALT,236657806,2016-12-08 03:41,1481168512,t,t,t,236657806
JX1B0J,elic,BALT,21224070,2016-12-08 03:41,1481168512,f,f,t,21224070
J7KGPQ,shoutay,BALT,481211039,2016-12-08 03:41,1481168512,f,f,f,481211039
93LWQE,briank,BALT,828883953,2016-12-08 03:41,1481168512,t,t,t,828883953
RGJDZO,luisv,BALT,919335765,2016-12-08 03:41,1481168512,f,f,t,919335765
HICQ7M,gabbys,BALT,94973722,2016-12-08 03:41,1481168512,t,f,t,94973722
CSCD6Q,darekj,BALT,556628532,2016-12-08 03:41,1481168512,f,f,f,556628532
JHWSGL,yuuyaw,BALT,112920827,2016-12-08 03:41,1481168512,f,f,t,112920827
GCIK9K,mashis,BALT,947781448,2016-12-08 03:41,1481168512,f,t,t,947781448
A2TS07,shoutay,BALT,707430534,2016-12-08 03:41,1481168512,f,t,t,707430534
IT96E4,mashis,BALT,893108898,2016-12-08 03:41,1481168512,t,f,t,893108898
HSAKVJ,briank,BALT,708896327,2016-12-08 03:41,1481168512,f,t,t,708896327
DJ0CT0,mashis,BALT,604127570,2016-12-08 03:41,1481168512,f,t,f,604127570
0DTKQV,briank,BALT,957692123,2016-12-08 03:41,1481168512,f,f,f,957692123
4VEUKT,mashis,BALT,400563600,2016-12-08 03:41,1481168512,f,f,f,400563600
A8QI7C,elic,BALT,434658878,2016-12-08 03:41,1481168512,f,f,t,434658878
O1HA1V,paulc,BALT,563933850,2016-12-08 03:41,1481168512,f,t,t,563933850
EP3SIY,shoutay,BALT,361411467,2016-12-08 03:41,1481168512,t,f,t,361411467
4LE34K,shoutay,BALT,718958901,2016-12-08 03:41,1481168512,f,f,f,718958901
R3WNH4,yuuyaw,BALT,832858918,2016-12-08 03:41,1481168512,f,f,f,832858918
ZVK65I,elic,BALT,886137051,2016-12-08 03:41,1481168512,t,t,t,886137051
AC6AZH,gabbys,BALT,970745494,2016-12-08 03:41,1481168512,t,t,f,970745494
79ISN4,luisv,BALT,300105959,2016-12-08 03:41,1481168512,t,t,t,300105959
PJSCRL,shoutay,BALT,228909933,2016-12-08 03:41,1481168512,f,f,f,228909933
G0GLBO,luisv,BALT,672189642,2016-12-08 03:41,1481168512,t,f,f,672189642
1GQK0U,shoutay,BALT,441618336,2016-12-08 03:41,1481168512,f,f,t,441618336
RUN2S4,briank,BALT,658668113,2016-12-08 03:41,1481168512,f,t,f,658668113
MYAJX9,luisv,BALT,549085146,2016-12-08 03:41,1481168512,t,t,t,549085146
AG8PJF,darekj,BALT,181962692,2016-12-08 03:41,1481168512,t,f,f,181962692
JM7RMO,mashis,BALT,504965619,2016-12-08 03:41,1481168512,t,f,t,504965619
9EBVL8,briank,BALT,494395225,2016-12-08 03:41,1481168512,f,t,f,494395225
OR9LWH,darekj,BALT,451668174,2016-12-08 03:41,1481168512,f,f,t,451668174
7U103H,paulc,BALT,146268772,2016-12-08 03:41,1481168512,f,t,f,146268772
GM0O6C,darekj,BALT,531692008,2016-12-08 03:49,1481168896,f,f,t,531692008
LCZOK1,yuuyaw,BALT,248229238,2016-12-08 03:49,1481168896,f,f,f,248229238
WQ7ER5,gabbys,BALT,404322136,2016-12-08 03:49,1481168896,f,f,f,404322136
R46OWV,gabbys,BALT,553874780,2016-12-08 03:49,1481168896,f,f,f,553874780
RVG4AI,mashis,BALT,726349522,2016-12-08 03:49,1481168896,t,t,t,726349522
YWG8Z6,paulc,BALT,663618128,2016-12-08 03:49,1481168896,t,f,t,663618128
741DKS,luisv,BALT,547420588,2016-12-08 03:49,1481168896,t,t,t,547420588
SE5UJC,shoutay,BALT,649500876,2016-12-08 03:49,1481168896,f,t,f,649500876
17VYBL,gabbys,BALT,5999115,2016-12-08 03:49,1481168896,f,t,f,5999115
7IT9SP,elic,BALT,681112517,2016-12-08 03:49,1481168896,f,f,f,681112517
GC0VSY,luisv,BALT,717970240,2016-12-08 03:49,1481168896,f,f,f,717970240
XU1F9I,briank,BALT,562839940,2016-12-08 03:49,1481168896,t,t,f,562839940
TZ1YR1,briank,BALT,722062827,2016-12-08 03:49,1481168896,f,t,t,722062827
R6DS4J,luisv,BALT,489647737,2016-12-08 03:49,1481168896,t,t,f,489647737
48HAPW,briank,BALT,624547466,2016-12-08 03:49,1481168896,t,f,t,624547466
AHVN3G,darekj,BALT,863522021,2016-12-08 03:49,1481168896,f,t,t,863522021
U3RYMN,gabbys,BALT,678007559,2016-12-08 03:49,1481168896,t,f,t,678007559
MELY8X,darekj,BALT,214625896,2016-12-08 03:49,1481168896,f,f,f,214625896
PEQI4R,briank,BALT,523415622,2016-12-08 03:49,1481168896,f,f,f,523415622
G2ZIPP,elic,BALT,979208632,2016-12-08 03:49,1481168896,t,t,f,979208632
9UHNK4,gabbys,BALT,412520405,2016-12-08 03:49,1481168896,t,t,t,412520405
0T7LF4,mashis,BALT,508240945,2016-12-08 03:49,1481168896,f,t,t,508240945
HUSDST,paulc,BALT,648560427,2016-12-08 03:49,1481168896,f,f,t,648560427
IANION,mashis,BALT,389162441,2016-12-08 03:49,1481168896,f,f,f,389162441
FHLBYL,mashis,BALT,655600719,2016-12-08 03:49,1481168896,f,t,f,655600719
N6B5M7,shoutay,BALT,340714696,2016-12-08 03:49,1481168896,t,t,t,340714696
N0R42S,luisv,BALT,975212125,2016-12-08 03:49,1481168896,t,f,t,975212125
AF939Q,paulc,BALT,349979123,2016-12-08 03:49,1481168896,t,f,f,349979123
O2O98Q,gabbys,BALT,116018794,2016-12-08 03:49,1481168896,f,t,t,116018794
FU05TG,luisv,BALT,185752994,2016-12-08 03:49,1481168896,f,f,t,185752994
HG2DJB,mashis,BALT,293809052,2016-12-08 03:49,1481168896,t,t,f,293809052
SC1G9U,briank,BALT,289135210,2016-12-08 03:49,1481168896,f,f,f,289135210
CHPBWH,shoutay,BALT,438660589,2016-12-08 03:49,1481168896,f,t,f,438660589
VDEDZ8,shoutay,BALT,190659132,2016-12-08 03:49,1481168896,t,t,f,190659132
6G4HDF,paulc,BALT,182662677,2016-12-08 03:49,1481168896,f,f,f,182662677
QW8EZU,mashis,BALT,965197024,2016-12-08 03:49,1481168896,f,f,f,965197024
74LDG9,luisv,BALT,581546508,2016-12-08 03:49,1481168896,t,t,t,581546508
ILADIM,shoutay,BALT,602312745,2016-12-08 03:49,1481168896,t,t,f,602312745
Y1RO50,elic,BALT,181403713,2016-12-08 03:49,1481168896,f,f,t,181403713
GOQVQZ,gabbys,BALT,721494955,2016-12-08 03:49,1481168896,f,f,t,721494955
WYOAX5,darekj,BALT,982656115,2016-12-08 03:49,1481168896,f,t,t,982656115
VCK0ON,shoutay,BALT,388756594,2016-12-08 03:49,1481168896,f,f,f,388756594
8EV06V,gabbys,BALT,55065983,2016-12-08 03:49,1481168896,f,t,t,55065983
EG3OLN,paulc,BALT,765020360,2016-12-08 03:49,1481168896,f,t,t,765020360
3LBSN5,shoutay,BALT,638486801,2016-12-08 03:49,1481168896,f,t,t,638486801
BD2ZSX,gabbys,BALT,208330759,2016-12-08 03:49,1481168896,f,f,f,208330759
YGWHBP,paulc,BALT,224022133,2016-12-08 03:49,1481168896,t,t,t,224022133
4XPLP5,paulc,BALT,25070756,2016-12-08 03:49,1481168896,f,f,f,25070756
NRAJGH,briank,BALT,87367435,2016-12-08 03:49,1481168896,t,t,t,87367435
45TQJL,elic,BALT,514560639,2016-12-08 03:49,1481168896,t,t,f,514560639
U0D6SB,gabbys,BALT,141868169,2016-12-08 03:49,1481168896,f,t,f,141868169
WAYLR4,paulc,BALT,446323659,2016-12-08 03:49,1481168896,t,f,t,446323659
29SDA4,shoutay,BALT,152431479,2016-12-08 03:49,1481168896,f,t,t,152431479
TXKAYB,darekj,BALT,20245143,2016-12-08 03:49,1481168896,t,t,f,20245143
V5ZY8L,gabbys,BALT,466870294,2016-12-08 03:49,1481168896,t,f,t,466870294
BSYTIV,paulc,BALT,681505802,2016-12-08 03:49,1481168896,f,f,f,681505802
H35MJR,mashis,BALT,977372624,2016-12-08 03:49,1481168896,t,f,t,977372624
7J5JU5,briank,BALT,940552236,2016-12-08 03:49,1481168896,f,f,t,940552236
FG5PJV,elic,BALT,712157412,2016-12-08 03:49,1481168896,t,t,f,712157412
WI85MY,elic,BALT,767264238,2016-12-08 03:49,1481168896,f,f,f,767264238
B7GWBS,mashis,BALT,966996989,2016-12-08 03:49,1481168896,f,t,t,966996989
ECU7KH,elic,BALT,994402774,2016-12-08 03:49,1481168896,f,f,t,994402774
9DSSU3,shoutay,BALT,430950315,2016-12-08 03:49,1481168896,f,f,t,430950315
H0J39P,paulc,BALT,49886686,2016-12-08 03:49,1481168896,t,t,f,49886686
U8KMH2,elic,BALT,117546304,2016-12-08 03:49,1481168896,f,t,f,117546304
J3L6OM,elic,BALT,76175760,2016-12-08 03:49,1481168896,t,f,t,76175760
0YW22X,mashis,BALT,692490352,2016-12-08 03:49,1481168896,t,f,f,692490352
TL855W,mashis,BALT,876149712,2016-12-08 03:49,1481168896,f,t,f,876149712
SPD6JX,shoutay,BALT,145210447,2016-12-08 03:49,1481168896,f,t,t,145210447
L55WVX,elic,BALT,388441517,2016-12-08 03:49,1481168896,t,f,f,388441517
VYFPC3,shoutay,BALT,572740205,2016-12-08 03:49,1481168896,t,f,t,572740205
NN1NUC,paulc,BALT,881274491,2016-12-08 03:49,1481168896,t,t,t,881274491
IOFCWO,gabbys,BALT,14030223,2016-12-08 03:49,1481168896,f,f,f,14030223
86IP83,elic,BALT,955149932,2016-12-08 03:49,1481168896,t,f,t,955149932
DPU8B9,briank,BALT,231299558,2016-12-08 03:49,1481168896,t,t,f,231299558
63KZVD,mashis,BALT,63963498,2016-12-08 03:49,1481168896,t,f,f,63963498
LF8OJW,gabbys,BALT,624764604,2016-12-08 03:49,1481168896,f,t,t,624764604
Q7AG52,luisv,BALT,610016506,2016-12-08 03:49,1481168896,t,t,t,610016506
UVNIC0,gabbys,BALT,256216799,2016-12-08 03:49,1481168896,t,t,f,256216799
6MA5FR,paulc,BALT,617667205,2016-12-08 03:49,1481168896,t,f,t,617667205
WBWCH3,shoutay,BALT,891839236,2016-12-08 03:49,1481168896,t,f,f,891839236
ITOIIH,paulc,BALT,526290780,2016-12-08 03:49,1481168896,t,t,f,526290780
805U7A,luisv,BALT,585796,2016-12-08 03:49,1481168896,t,f,t,585796
YMVA24,luisv,BALT,666557467,2016-12-08 03:49,1481168896,t,t,f,666557467
9ET9EF,gabbys,BALT,82414067,2016-12-08 03:49,1481168896,f,t,f,82414067
NPZU57,yuuyaw,BALT,162300199,2016-12-08 03:49,1481168896,f,t,t,162300199
V8SY6I,gabbys,BALT,578559586,2016-12-08 03:49,1481168896,f,t,f,578559586
IZC0IB,darekj,BALT,403610373,2016-12-08 03:49,1481168896,t,t,t,403610373
3BDOPC,elic,BALT,805711572,2016-12-08 03:49,1481168896,f,f,f,805711572
VKZ1DD,yuuyaw,BALT,638425548,2016-12-08 03:49,1481168896,t,f,t,638425548
9ZF3B9,elic,BALT,558475722,2016-12-08 03:49,1481168896,f,t,t,558475722
XRMXNT,yuuyaw,BALT,479530055,2016-12-08 03:49,1481168896,f,t,t,479530055
TAIJAS,darekj,BALT,599867445,2016-12-08 03:49,1481168896,f,t,t,599867445
Z0RFOH,gabbys,BALT,917853253,2016-12-08 03:49,1481168896,t,f,f,917853253
Q5DAC5,elic,BALT,415947877,2016-12-08 03:49,1481168896,t,t,f,415947877
IWY5A4,luisv,BALT,522857480,2016-12-08 03:49,1481168896,f,f,f,522857480
YU1SYC,elic,BALT,940899258,2016-12-08 03:49,1481168896,f,t,f,940899258
KHAWDQ,yuuyaw,BALT,819879401,2016-12-08 03:49,1481168896,f,t,f,819879401
QSS9LB,luisv,BALT,951824989,2016-12-08 03:49,1481168896,t,t,f,951824989
B6D0SX,darekj,BALT,907030823,2016-12-08 03:49,1481168896,t,f,t,907030823
bro,darekj,BALT,142566848,2016-12-08 03:49,1481169024,t,f,f,142566848
asdf,darekj,BALT,822547862,2016-12-08 03:52,1481169152,t,f,f,822547862
bro,darekj,BALT,348748268,2016-12-08 03:53,1481169152,t,f,f,348748268
There's no way for me to know who I'm logged in as! It should say on the top of the settings!,elic,BALT,803972211,2016-12-08 03:53,1481169280,t,f,f,803972211
If you go to settings and click on update you get an error page!,elic,BALT,124000673,2016-12-08 03:54,1481169280,t,f,f,124000673
There should be a number next to or in (I know that would require an image change so next to for now) text bubble to see how many comments a post has!,elic,BALT,86628929,2016-12-08 03:55,1481169280,t,f,f,86628929
"The stuff under the ""search"" or microscope symbol should always be on the topbar! make it permenant!",elic,BALT,402419283,2016-12-08 03:57,1481169408,t,f,f,402419283
KX2H7S,darekj,BALT,31117451,2016-12-08 03:58,1481169536,f,f,f,31117451
1C63GD,shoutay,BALT,186780181,2016-12-08 03:58,1481169536,f,t,f,186780181
9KTIBZ,shoutay,BALT,958871110,2016-12-08 03:58,1481169536,f,f,f,958871110
2DNQTK,paulc,BALT,84242199,2016-12-08 03:58,1481169536,f,f,t,84242199
EZZ4RL,shoutay,BALT,184577562,2016-12-08 03:58,1481169536,t,f,t,184577562
2XUZUN,yuuyaw,BALT,47145713,2016-12-08 03:58,1481169536,t,t,f,47145713
GL7K50,elic,BALT,481679100,2016-12-08 03:58,1481169536,t,t,t,481679100
CZG890,paulc,BALT,982911416,2016-12-08 03:58,1481169536,t,f,t,982911416
V35RAH,gabbys,BALT,893245361,2016-12-08 03:58,1481169536,f,f,f,893245361
POHKXC,elic,BALT,308074742,2016-12-08 03:58,1481169536,f,t,f,308074742
8TFXM4,mashis,BALT,126644681,2016-12-08 03:58,1481169536,f,f,t,126644681
C3G2TL,briank,BALT,375737518,2016-12-08 03:58,1481169536,f,f,f,375737518
LVUVX8,luisv,BALT,999486093,2016-12-08 03:58,1481169536,f,t,f,999486093
PCU4BH,gabbys,BALT,535515359,2016-12-08 03:58,1481169536,t,f,f,535515359
XFCH3X,shoutay,BALT,158926918,2016-12-08 03:58,1481169536,f,t,t,158926918
K1AVK1,luisv,BALT,423792400,2016-12-08 03:58,1481169536,f,t,t,423792400
I0UKKW,darekj,BALT,571595538,2016-12-08 03:58,1481169536,t,f,t,571595538
I22RCJ,shoutay,BALT,628403894,2016-12-08 03:58,1481169536,f,t,t,628403894
94CRJC,mashis,BALT,99887943,2016-12-08 03:58,1481169536,f,f,f,99887943
YB6EI6,elic,BALT,217930129,2016-12-08 03:58,1481169536,t,t,t,217930129
MLUTGL,yuuyaw,BALT,966401227,2016-12-08 03:58,1481169536,t,f,f,966401227
CJFHTF,darekj,BALT,243135965,2016-12-08 03:58,1481169536,t,t,f,243135965
ZZUO5D,paulc,BALT,414682094,2016-12-08 03:58,1481169536,t,f,f,414682094
FB3I67,shoutay,BALT,157400254,2016-12-08 03:58,1481169536,t,f,t,157400254
KWABJL,paulc,BALT,369730709,2016-12-08 03:58,1481169536,f,t,f,369730709
U89I6W,paulc,BALT,673678179,2016-12-08 03:58,1481169536,f,f,t,673678179
3L1UFG,luisv,BALT,507243227,2016-12-08 03:58,1481169536,f,t,t,507243227
9OZYCF,briank,BALT,761234524,2016-12-08 03:58,1481169536,t,t,t,761234524
ZA7AJM,shoutay,BALT,9653937,2016-12-08 03:58,1481169536,t,t,f,9653937
FFD0TG,paulc,BALT,147681063,2016-12-08 03:58,1481169536,t,t,f,147681063
A7M69I,darekj,BALT,363527206,2016-12-08 03:58,1481169536,t,f,t,363527206
UHK3D4,yuuyaw,BALT,486884697,2016-12-08 03:58,1481169536,t,f,f,486884697
VHDPPG,luisv,BALT,701923547,2016-12-08 03:58,1481169536,t,f,f,701923547
AVE121,shoutay,BALT,659853372,2016-12-08 03:58,1481169536,t,t,t,659853372
X9BCE0,mashis,BALT,214173263,2016-12-08 03:58,1481169536,t,f,f,214173263
OGWF3Y,mashis,BALT,64138050,2016-12-08 03:58,1481169536,t,t,t,64138050
UOJEG1,briank,BALT,823729821,2016-12-08 03:58,1481169536,f,t,t,823729821
CK7OZM,darekj,BALT,922569689,2016-12-08 03:58,1481169536,f,f,t,922569689
BZ7G5W,luisv,BALT,914401484,2016-12-08 03:58,1481169536,f,f,t,914401484
WX6TZ0,darekj,BALT,473051256,2016-12-08 03:58,1481169536,f,f,f,473051256
EZEVCL,darekj,BALT,840187958,2016-12-08 03:58,1481169536,f,t,f,840187958
ZR0HDZ,shoutay,BALT,88306704,2016-12-08 03:58,1481169536,t,t,f,88306704
JD9IH1,yuuyaw,BALT,573239823,2016-12-08 03:58,1481169536,f,f,f,573239823
D8Z028,mashis,BALT,187278163,2016-12-08 03:58,1481169536,f,t,f,187278163
YTC9K7,luisv,BALT,290753568,2016-12-08 03:58,1481169536,t,f,f,290753568
801EXH,darekj,BALT,364798135,2016-12-08 03:58,1481169536,t,t,t,364798135
PJBSFN,darekj,BALT,945024735,2016-12-08 03:58,1481169536,f,f,f,945024735
TRZA63,luisv,BALT,706908452,2016-12-08 03:58,1481169536,f,f,f,706908452
47D3KL,luisv,BALT,661689615,2016-12-08 03:58,1481169536,f,f,f,661689615
QG0Y93,mashis,BALT,41601804,2016-12-08 03:58,1481169536,f,t,t,41601804
3C135R,darekj,BALT,664808244,2016-12-08 03:58,1481169536,t,f,t,664808244
W14ACL,shoutay,BALT,309450050,2016-12-08 03:58,1481169536,t,t,f,309450050
AZE3CY,darekj,BALT,805785923,2016-12-08 03:58,1481169536,f,t,f,805785923
78CE11,yuuyaw,BALT,888461170,2016-12-08 03:58,1481169536,f,t,f,888461170
8ROXXX,paulc,BALT,827389761,2016-12-08 03:58,1481169536,t,t,f,827389761
ZZRQ5R,shoutay,BALT,832186539,2016-12-08 03:58,1481169536,f,t,f,832186539
IDL82Z,darekj,BALT,722891579,2016-12-08 03:58,1481169536,f,f,t,722891579
YH10GU,elic,BALT,667652273,2016-12-08 03:58,1481169536,f,f,f,667652273
2FZ6O3,paulc,BALT,622954227,2016-12-08 03:58,1481169536,f,t,f,622954227
H7KBHF,briank,BALT,704782912,2016-12-08 03:58,1481169536,f,f,f,704782912
ABYSH6,briank,BALT,440556678,2016-12-08 03:58,1481169536,f,t,f,440556678
NE3JMF,gabbys,BALT,677550334,2016-12-08 03:58,1481169536,f,f,f,677550334
W5ZCBQ,luisv,BALT,525028609,2016-12-08 03:58,1481169536,f,f,t,525028609
SGCYF0,elic,BALT,289431363,2016-12-08 03:58,1481169536,t,f,t,289431363
C45J2T,mashis,BALT,235443932,2016-12-08 03:58,1481169536,t,t,t,235443932
7G3CF2,paulc,BALT,464280931,2016-12-08 03:58,1481169536,f,t,t,464280931
GMWEVN,gabbys,BALT,893981698,2016-12-08 03:58,1481169536,t,t,f,893981698
QHG3WN,briank,BALT,791256688,2016-12-08 03:58,1481169536,t,t,f,791256688
C02QBV,shoutay,BALT,618143810,2016-12-08 03:58,1481169536,t,f,t,618143810
EOVM4G,yuuyaw,BALT,973862674,2016-12-08 03:58,1481169536,t,f,f,973862674
HHLIS2,briank,BALT,815180830,2016-12-08 03:58,1481169536,f,t,f,815180830
4ZTABS,shoutay,BALT,623148512,2016-12-08 03:58,1481169536,t,f,t,623148512
HCKLO5,luisv,BALT,92309853,2016-12-08 03:58,1481169536,t,t,f,92309853
3S4RA3,shoutay,BALT,973018083,2016-12-08 03:58,1481169536,t,t,f,973018083
KG2GZF,luisv,BALT,358685380,2016-12-08 03:58,1481169536,f,t,t,358685380
X2XYVK,elic,BALT,474588419,2016-12-08 03:58,1481169536,f,t,f,474588419
8JYTC4,briank,BALT,620118371,2016-12-08 03:58,1481169536,f,f,f,620118371
GCZT8N,gabbys,BALT,634177098,2016-12-08 03:58,1481169536,t,f,t,634177098
4G62CJ,yuuyaw,BALT,833182890,2016-12-08 03:58,1481169536,f,f,f,833182890
W1E1N1,luisv,BALT,141415660,2016-12-08 03:58,1481169536,t,f,f,141415660
OCVWD2,darekj,BALT,324327946,2016-12-08 03:58,1481169536,f,t,f,324327946
2LAD7L,luisv,BALT,228590355,2016-12-08 03:58,1481169536,f,f,f,228590355
X7CDCA,paulc,BALT,89779377,2016-12-08 03:58,1481169536,f,t,t,89779377
D6UVVA,shoutay,BALT,730522650,2016-12-08 03:58,1481169536,f,f,f,730522650
3NZCM3,briank,BALT,576327603,2016-12-08 03:58,1481169536,t,f,f,576327603
CPP3MY,gabbys,BALT,294643265,2016-12-08 03:58,1481169536,t,t,f,294643265
P60C8C,yuuyaw,BALT,316249002,2016-12-08 03:58,1481169536,f,f,t,316249002
BABTC0,paulc,BALT,239213810,2016-12-08 03:58,1481169536,t,f,t,239213810
GSBFF3,briank,BALT,735377868,2016-12-08 03:58,1481169536,f,t,t,735377868
ZEAJTW,yuuyaw,BALT,942129399,2016-12-08 03:58,1481169536,f,f,f,942129399
4RT5J8,mashis,BALT,749027948,2016-12-08 03:58,1481169536,t,f,t,749027948
DKIF95,shoutay,BALT,169471252,2016-12-08 03:58,1481169536,f,f,f,169471252
NXXQ4X,luisv,BALT,159573525,2016-12-08 03:58,1481169536,t,t,t,159573525
4H7S6E,paulc,BALT,111085678,2016-12-08 03:58,1481169536,f,t,f,111085678
V2PKHE,elic,BALT,413494227,2016-12-08 03:58,1481169536,t,t,t,413494227
275KNU,luisv,BALT,185067701,2016-12-08 03:58,1481169536,f,t,t,185067701
CF88TQ,elic,BALT,338754154,2016-12-08 03:58,1481169536,f,f,f,338754154
IPW930,gabbys,BALT,599661897,2016-12-08 03:58,1481169536,t,t,f,599661897
6M2GX7,gabbys,BALT,785489205,2016-12-08 03:58,1481169536,f,f,f,785489205
XALLNW,gabbys,BALT,186419846,2016-12-08 03:58,1481169536,t,f,t,186419846
DRIK8Y,mashis,BALT,734599886,2016-12-08 03:58,1481169536,t,t,f,734599886
24MYOU,gabbys,BALT,668186388,2016-12-08 03:58,1481169536,t,f,f,668186388
Z3EG0S,mashis,BALT,532280971,2016-12-08 03:58,1481169536,f,f,t,532280971
JJYZXW,mashis,BALT,105348881,2016-12-08 03:58,1481169536,t,f,t,105348881
TQ40CD,darekj,BALT,266173177,2016-12-08 03:58,1481169536,t,t,t,266173177
KNEXGO,darekj,BALT,401630682,2016-12-08 03:58,1481169536,f,t,t,401630682
H2JKYL,mashis,BALT,658577705,2016-12-08 03:58,1481169536,f,f,t,658577705
NA4XDI,luisv,BALT,418781968,2016-12-08 03:58,1481169536,t,t,f,418781968
CLBLW3,briank,BALT,910761703,2016-12-08 03:58,1481169536,t,f,t,910761703
DQ6XLD,darekj,BALT,272195547,2016-12-08 03:58,1481169536,f,f,t,272195547
TUF8VX,shoutay,BALT,568624573,2016-12-08 03:58,1481169536,t,f,t,568624573
N5MBU3,shoutay,BALT,867677728,2016-12-08 03:58,1481169536,t,t,t,867677728
ZBA7GB,yuuyaw,BALT,534090123,2016-12-08 03:58,1481169536,f,t,f,534090123
28GWJE,shoutay,BALT,266282928,2016-12-08 03:58,1481169536,t,t,t,266282928
SDENMM,luisv,BALT,928073090,2016-12-08 03:58,1481169536,t,t,f,928073090
2GAG6Z,paulc,BALT,708510402,2016-12-08 03:58,1481169536,f,t,f,708510402
ZUC2EL,mashis,BALT,74953181,2016-12-08 03:58,1481169536,f,f,f,74953181
CU3VAI,shoutay,BALT,4276479,2016-12-08 03:58,1481169536,t,t,t,4276479
LUGWY4,paulc,BALT,530996923,2016-12-08 03:58,1481169536,t,t,f,530996923
V9LTKB,briank,BALT,198580746,2016-12-08 03:58,1481169536,f,f,f,198580746
I47LFH,luisv,BALT,882180861,2016-12-08 03:58,1481169536,t,f,f,882180861
33GKQ1,briank,BALT,531698386,2016-12-08 03:58,1481169536,t,t,t,531698386
1FE6VR,gabbys,BALT,468222271,2016-12-08 03:58,1481169536,t,f,t,468222271
RCDPDM,darekj,BALT,311817237,2016-12-08 03:58,1481169536,f,t,t,311817237
IXF030,mashis,BALT,589113310,2016-12-08 03:58,1481169536,t,f,f,589113310
2K0BLM,briank,BALT,291637887,2016-12-08 03:58,1481169536,t,t,t,291637887
18IXI4,mashis,BALT,904867802,2016-12-08 03:58,1481169536,f,f,f,904867802
G6X6TS,briank,BALT,338144335,2016-12-08 03:58,1481169536,t,f,t,338144335
B7NT40,darekj,BALT,709316414,2016-12-08 03:58,1481169536,t,f,f,709316414
DHXB5T,darekj,BALT,19353320,2016-12-08 03:58,1481169536,t,t,t,19353320
HBIQSH,shoutay,BALT,681950880,2016-12-08 03:58,1481169536,t,f,t,681950880
8UK412,elic,BALT,464215384,2016-12-08 03:58,1481169536,f,f,t,464215384
K0L1HF,elic,BALT,76831392,2016-12-08 03:58,1481169536,t,t,t,76831392
5FPPTZ,gabbys,BALT,541585645,2016-12-08 03:58,1481169536,f,t,t,541585645
6H66PH,shoutay,BALT,454293488,2016-12-08 03:58,1481169536,t,f,f,454293488
LGH4RN,luisv,BALT,332167417,2016-12-08 03:58,1481169536,t,t,t,332167417
CP86K6,yuuyaw,BALT,868887426,2016-12-08 03:58,1481169536,f,t,f,868887426
DQPJL7,shoutay,BALT,668080327,2016-12-08 03:58,1481169536,f,t,f,668080327
BDZBES,briank,BALT,532879566,2016-12-08 03:58,1481169536,t,t,t,532879566
8XWM5D,gabbys,BALT,761342902,2016-12-08 03:58,1481169536,t,t,f,761342902
GNHPZ1,paulc,BALT,205044875,2016-12-08 03:58,1481169536,t,t,f,205044875
XBN407,darekj,BALT,344152883,2016-12-08 03:58,1481169536,t,t,t,344152883
0MJA34,briank,BALT,672881847,2016-12-08 03:58,1481169536,f,t,f,672881847
IDAZEE,gabbys,BALT,72920748,2016-12-08 03:58,1481169536,t,t,f,72920748
FXEZF7,paulc,BALT,963158042,2016-12-08 03:58,1481169536,t,t,f,963158042
EF42PS,paulc,BALT,964171094,2016-12-08 03:58,1481169536,f,t,t,964171094
ML509B,darekj,BALT,917465885,2016-12-08 03:58,1481169536,f,f,t,917465885
2ME9ZI,briank,BALT,255636007,2016-12-08 03:58,1481169536,t,t,f,255636007
KXYMBL,briank,BALT,600611259,2016-12-08 03:58,1481169536,f,f,f,600611259
XDG6O6,elic,BALT,706663828,2016-12-08 03:58,1481169536,t,t,f,706663828
FHVYK5,paulc,BALT,272269599,2016-12-08 03:58,1481169536,f,f,f,272269599
4W5V57,gabbys,BALT,335271327,2016-12-08 03:58,1481169536,t,f,f,335271327
9A6XU0,briank,BALT,731468352,2016-12-08 03:58,1481169536,f,t,t,731468352
Q8T2F6,luisv,BALT,59744491,2016-12-08 03:58,1481169536,f,t,t,59744491
1H98E7,briank,BALT,113773760,2016-12-08 03:58,1481169536,f,t,t,113773760
I9P99O,luisv,BALT,394325081,2016-12-08 03:58,1481169536,t,t,f,394325081
LQITMG,mashis,BALT,438602242,2016-12-08 03:58,1481169536,f,f,f,438602242
G2IJU0,mashis,BALT,184103788,2016-12-08 03:58,1481169536,f,t,f,184103788
JVJJ8Z,gabbys,BALT,871946852,2016-12-08 03:58,1481169536,t,f,t,871946852
45XK3M,darekj,BALT,467132528,2016-12-08 03:58,1481169536,t,t,t,467132528
LBQOEE,paulc,BALT,532036373,2016-12-08 03:58,1481169536,f,f,t,532036373
2T5J2X,mashis,BALT,833465483,2016-12-08 03:58,1481169536,t,t,t,833465483
F1MQW7,shoutay,BALT,253004422,2016-12-08 03:58,1481169536,f,f,f,253004422
2S8AJ3,shoutay,BALT,661517572,2016-12-08 03:58,1481169536,f,t,t,661517572
8363YU,paulc,BALT,164076947,2016-12-08 03:58,1481169536,t,t,t,164076947
INA7JU,luisv,BALT,34520991,2016-12-08 03:58,1481169536,t,t,t,34520991
8GW5MS,darekj,BALT,766436786,2016-12-08 03:58,1481169536,t,f,t,766436786
ZV7NK8,mashis,BALT,512019089,2016-12-08 03:58,1481169536,t,f,t,512019089
GIVHVU,mashis,BALT,815824691,2016-12-08 03:58,1481169536,f,f,f,815824691
YTCH07,mashis,BALT,440375582,2016-12-08 03:58,1481169536,f,t,f,440375582
02MB7E,yuuyaw,BALT,169435672,2016-12-08 03:58,1481169536,t,t,f,169435672
AYV3W2,elic,BALT,615395332,2016-12-08 03:58,1481169536,f,t,t,615395332
UG5AKE,paulc,BALT,153377946,2016-12-08 03:58,1481169536,t,f,t,153377946
NBFK70,darekj,BALT,859614949,2016-12-08 03:58,1481169536,f,f,t,859614949
ZIKXDN,mashis,BALT,163677852,2016-12-08 03:58,1481169536,f,f,t,163677852
ICEBC7,paulc,BALT,94278569,2016-12-08 03:58,1481169536,t,t,t,94278569
H15WSJ,elic,BALT,466005577,2016-12-08 03:58,1481169536,t,t,f,466005577
ZXMOAK,elic,BALT,762433925,2016-12-08 03:58,1481169536,t,f,t,762433925
HJ9ST1,briank,BALT,640231474,2016-12-08 03:58,1481169536,t,t,f,640231474
ZO8STZ,luisv,BALT,559503853,2016-12-08 03:58,1481169536,f,t,f,559503853
DE9GVD,elic,BALT,489087866,2016-12-08 03:58,1481169536,t,f,t,489087866
2V04FC,mashis,BALT,686109798,2016-12-08 03:58,1481169536,t,t,t,686109798
SKND3A,paulc,BALT,877303770,2016-12-08 03:58,1481169536,f,t,t,877303770
IJ72YU,yuuyaw,BALT,481811459,2016-12-08 03:58,1481169536,f,f,f,481811459
9CZIQD,briank,BALT,355916409,2016-12-08 03:58,1481169536,t,t,t,355916409
6UMVCT,luisv,BALT,223612045,2016-12-08 03:58,1481169536,t,t,t,223612045
UCZM5E,mashis,BALT,656694287,2016-12-08 03:58,1481169536,f,f,t,656694287
IM01P4,darekj,BALT,916402549,2016-12-08 03:58,1481169536,f,f,t,916402549
EHMD5U,shoutay,BALT,584569335,2016-12-08 03:58,1481169536,f,t,t,584569335
YAARUG,yuuyaw,BALT,313753844,2016-12-08 03:58,1481169536,t,t,t,313753844
85L2I2,mashis,BALT,72138095,2016-12-08 03:58,1481169536,f,t,t,72138095
N521E4,shoutay,BALT,585138835,2016-12-08 03:58,1481169536,t,t,t,585138835
0BUKGC,gabbys,BALT,266900698,2016-12-08 03:58,1481169536,t,t,t,266900698
LF5Q7X,darekj,BALT,663399532,2016-12-08 03:58,1481169536,t,t,f,663399532
W6IW92,shoutay,BALT,295367106,2016-12-08 03:58,1481169536,f,t,t,295367106
16AUUN,paulc,BALT,994077004,2016-12-08 03:58,1481169536,t,f,t,994077004
1399GG,yuuyaw,BALT,299120738,2016-12-08 03:58,1481169536,t,t,f,299120738
3P6TTW,elic,BALT,945710954,2016-12-08 03:58,1481169536,t,f,t,945710954
A4FSQ9,darekj,BALT,264404599,2016-12-08 03:58,1481169536,f,t,f,264404599
5M3Q2M,mashis,BALT,252176869,2016-12-08 03:58,1481169536,t,f,t,252176869
DNO961,gabbys,BALT,27359815,2016-12-08 04:09,1481170176,t,t,f,27359815
O9QGKG,luisv,BALT,383637518,2016-12-08 04:09,1481170176,t,f,t,383637518
C2LL9G,briank,BALT,699822115,2016-12-08 04:09,1481170176,f,t,f,699822115
XZIK6Z,darekj,BALT,886709778,2016-12-08 04:09,1481170176,f,t,f,886709778
P3LP56,yuuyaw,BALT,321998990,2016-12-08 04:09,1481170176,f,f,f,321998990
2XUI7E,gabbys,BALT,644936595,2016-12-08 04:09,1481170176,f,t,t,644936595
7ZVK0Z,gabbys,BALT,795610009,2016-12-08 04:09,1481170176,t,f,t,795610009
FQ0RQL,shoutay,BALT,658965669,2016-12-08 04:09,1481170176,t,f,t,658965669
NWASBG,yuuyaw,BALT,114634545,2016-12-08 04:09,1481170176,f,t,t,114634545
VNQYBP,briank,BALT,179566905,2016-12-08 04:09,1481170176,t,f,f,179566905
AE0B6M,mashis,BALT,888008690,2016-12-08 04:09,1481170176,f,t,t,888008690
ZT98ZA,paulc,BALT,467423533,2016-12-08 04:09,1481170176,t,t,t,467423533
0O31NT,shoutay,BALT,673265999,2016-12-08 04:09,1481170176,t,f,t,673265999
F5TDA4,gabbys,BALT,606502592,2016-12-08 04:09,1481170176,f,t,f,606502592
EMX9D9,mashis,BALT,433098630,2016-12-08 04:09,1481170176,t,f,f,433098630
3V2CTU,darekj,BALT,127194637,2016-12-08 04:09,1481170176,f,t,t,127194637
45DEBR,briank,BALT,40584855,2016-12-08 04:09,1481170176,t,f,t,40584855
CA690H,yuuyaw,BALT,872468132,2016-12-08 04:09,1481170176,t,f,f,872468132
1S7EUC,briank,BALT,837388949,2016-12-08 04:09,1481170176,t,f,t,837388949
D2FSJJ,paulc,BALT,335917573,2016-12-08 04:09,1481170176,f,f,t,335917573
Z4HXQE,elic,BALT,887323044,2016-12-08 04:09,1481170176,f,f,t,887323044
UP4QG0,briank,BALT,93755385,2016-12-08 04:09,1481170176,f,t,f,93755385
H3C55W,gabbys,BALT,768054859,2016-12-08 04:09,1481170176,f,t,t,768054859
ZQ0GTX,shoutay,BALT,361869188,2016-12-08 04:09,1481170176,t,f,t,361869188
T90MS5,briank,BALT,653998773,2016-12-08 04:09,1481170176,f,f,f,653998773
YZ3EM4,luisv,BALT,674733709,2016-12-08 04:09,1481170176,f,t,f,674733709
MPNPOO,mashis,BALT,915862848,2016-12-08 04:09,1481170176,t,t,t,915862848
3S2S3G,gabbys,BALT,988948938,2016-12-08 04:09,1481170176,t,t,t,988948938
0TL54L,mashis,BALT,169657606,2016-12-08 04:09,1481170176,t,f,f,169657606
47GAG6,luisv,BALT,728640661,2016-12-08 04:09,1481170176,f,t,t,728640661
7CPLNZ,elic,BALT,398409822,2016-12-08 04:09,1481170176,t,f,t,398409822
QAJPXX,yuuyaw,BALT,407650153,2016-12-08 04:09,1481170176,f,f,t,407650153
O8IX1A,briank,BALT,485652348,2016-12-08 04:09,1481170176,t,f,f,485652348
2EWRSI,mashis,BALT,253763852,2016-12-08 04:09,1481170176,t,t,t,253763852
1IFYUS,mashis,BALT,979856751,2016-12-08 04:09,1481170176,t,f,f,979856751
5YQNT9,gabbys,BALT,517988630,2016-12-08 04:09,1481170176,f,t,t,517988630
K8L8D9,gabbys,BALT,474930264,2016-12-08 04:09,1481170176,t,f,f,474930264
B99TAU,yuuyaw,BALT,251020575,2016-12-08 04:09,1481170176,f,t,f,251020575
I5PFRD,luisv,BALT,364549092,2016-12-08 04:09,1481170176,t,t,t,364549092
8V97QM,shoutay,BALT,795477402,2016-12-08 04:09,1481170176,f,t,f,795477402
EPORFL,paulc,BALT,126408710,2016-12-08 04:09,1481170176,t,f,f,126408710
T8APBM,luisv,BALT,686217640,2016-12-08 04:09,1481170176,f,t,f,686217640
YLCALM,paulc,BALT,992436583,2016-12-08 04:09,1481170176,f,f,f,992436583
CJHT1L,mashis,BALT,61861724,2016-12-08 04:09,1481170176,t,f,t,61861724
H5900G,gabbys,BALT,184922585,2016-12-08 04:09,1481170176,f,t,f,184922585
MZB55M,paulc,BALT,38194495,2016-12-08 04:09,1481170176,t,f,f,38194495
1PDUFM,briank,BALT,330729482,2016-12-08 04:09,1481170176,t,f,t,330729482
L6KLKI,shoutay,BALT,360263095,2016-12-08 04:09,1481170176,f,t,t,360263095
FCRYHO,yuuyaw,BALT,433821360,2016-12-08 04:09,1481170176,t,f,f,433821360
7BC9GS,yuuyaw,BALT,928805182,2016-12-08 04:09,1481170176,f,t,f,928805182
RQ9BYB,briank,BALT,137540804,2016-12-08 04:09,1481170176,t,t,t,137540804
HMCV7N,gabbys,BALT,156170511,2016-12-08 04:09,1481170176,f,t,f,156170511
95ONXM,mashis,BALT,809768238,2016-12-08 04:09,1481170176,t,f,t,809768238
LDUVOE,shoutay,BALT,296536676,2016-12-08 04:09,1481170176,t,t,t,296536676
2GHZ9O,briank,BALT,804133954,2016-12-08 04:09,1481170176,f,f,t,804133954
TK9AK2,luisv,BALT,888746739,2016-12-08 04:09,1481170176,t,t,f,888746739
R7UJJ0,elic,BALT,975674179,2016-12-08 04:09,1481170176,f,f,f,975674179
96GY4F,gabbys,BALT,988054907,2016-12-08 04:09,1481170176,t,t,t,988054907
NSWBFZ,gabbys,BALT,119997102,2016-12-08 04:09,1481170176,t,t,f,119997102
AXVKM5,mashis,BALT,11283418,2016-12-08 04:09,1481170176,t,t,f,11283418
MQL1JP,darekj,BALT,617829216,2016-12-08 04:09,1481170176,f,t,t,617829216
TFW1HM,darekj,BALT,451990435,2016-12-08 04:09,1481170176,t,t,f,451990435
IU2OG8,gabbys,BALT,613216510,2016-12-08 04:09,1481170176,f,f,f,613216510
PF6G40,mashis,BALT,257489387,2016-12-08 04:09,1481170176,f,t,t,257489387
GPQLHX,briank,BALT,78738334,2016-12-08 04:09,1481170176,f,f,f,78738334
S9G373,darekj,BALT,68904687,2016-12-08 04:09,1481170176,t,f,f,68904687
9HD3RM,gabbys,BALT,830602166,2016-12-08 04:09,1481170176,t,f,t,830602166
PUOVGI,briank,BALT,815868842,2016-12-08 04:09,1481170176,t,t,f,815868842
816L4F,darekj,BALT,592601360,2016-12-08 04:09,1481170176,f,t,f,592601360
B2P61B,briank,BALT,429495926,2016-12-08 04:09,1481170176,f,t,t,429495926
LQMG5S,yuuyaw,BALT,506595382,2016-12-08 04:09,1481170176,f,f,t,506595382
87YUN6,yuuyaw,BALT,530042005,2016-12-08 04:09,1481170176,f,f,t,530042005
FV769M,paulc,BALT,628300825,2016-12-08 04:09,1481170176,f,f,t,628300825
FX60LX,elic,BALT,510661995,2016-12-08 04:09,1481170176,f,f,f,510661995
KAMZJM,mashis,BALT,745478860,2016-12-08 04:09,1481170176,t,t,t,745478860
5SAN36,elic,BALT,506224300,2016-12-08 04:09,1481170176,f,t,t,506224300
5G6SUG,shoutay,BALT,2772208,2016-12-08 04:09,1481170176,f,t,t,2772208
CEJIM3,mashis,BALT,913306987,2016-12-08 04:09,1481170176,f,f,f,913306987
96QV8E,darekj,BALT,508406154,2016-12-08 04:09,1481170176,f,t,f,508406154
7T29KI,gabbys,BALT,469774889,2016-12-08 04:09,1481170176,f,t,f,469774889
P1JRFT,shoutay,BALT,845065223,2016-12-08 04:09,1481170176,f,t,t,845065223
30TA4E,mashis,BALT,474335196,2016-12-08 04:09,1481170176,f,f,f,474335196
WH0ELX,briank,BALT,262250279,2016-12-08 04:09,1481170176,t,f,f,262250279
67BL38,darekj,BALT,926538870,2016-12-08 04:09,1481170176,t,f,f,926538870
812TF3,gabbys,BALT,193882772,2016-12-08 04:09,1481170176,f,f,t,193882772
2D7F96,shoutay,BALT,141915629,2016-12-08 04:09,1481170176,t,f,t,141915629
WM15W3,gabbys,BALT,624410833,2016-12-08 04:09,1481170176,f,t,t,624410833
PKQVOG,darekj,BALT,497689099,2016-12-08 04:09,1481170176,t,f,t,497689099
88QHCQ,yuuyaw,BALT,210242904,2016-12-08 04:09,1481170176,f,t,t,210242904
ATG1Q9,mashis,BALT,805622977,2016-12-08 04:09,1481170176,t,f,f,805622977
RYMPZ2,paulc,BALT,104916948,2016-12-08 04:09,1481170176,f,t,t,104916948
XOVOIG,darekj,BALT,946069433,2016-12-08 04:09,1481170176,t,t,t,946069433
3R475M,briank,BALT,812330524,2016-12-08 04:09,1481170176,t,f,f,812330524
96KM0Z,yuuyaw,BALT,649003137,2016-12-08 04:09,1481170176,f,t,t,649003137
F6R5PE,briank,BALT,587418441,2016-12-08 04:09,1481170176,f,t,t,587418441
04ORPQ,yuuyaw,BALT,513452202,2016-12-08 04:09,1481170176,f,f,t,513452202
TKP2T2,paulc,BALT,521433286,2016-12-08 04:09,1481170176,f,f,f,521433286
M508A4,gabbys,BALT,73745469,2016-12-08 04:09,1481170176,t,f,f,73745469
Y64HPR,elic,BALT,73251515,2016-12-08 04:09,1481170176,f,t,t,73251515
6J4U8Y,yuuyaw,BALT,280223427,2016-12-08 04:09,1481170176,t,f,f,280223427
bro,darekj,BALT,911921628,2016-12-08 04:10,1481170304,t,f,f,911921628
what's up bro,darekj,BALT,331035533,2016-12-08 04:11,1481170304,t,f,f,331035533
hey man!,darekj,BALT,341658468,2016-12-08 04:12,1481170432,t,f,f,341658468
buff,darekj,BALT,124435114,2016-12-08 04:13,1481170432,t,f,f,124435114
bro,darekj,BALT,779629814,2016-12-08 04:15,1481170560,t,f,f,779629814
a,darekj,BALT,202288661,2016-12-08 04:16,1481170560,t,f,f,202288661
what's up bro,darekj,BALT,356755465,2016-12-08 04:24,1481171072,t,f,f,356755465
a,darekj,BALT,668010461,2016-12-08 04:25,1481171200,t,f,f,668010461
amigos,darekj,BALT,371012785,2016-12-08 04:29,1481171456,t,f,f,371012785
lets see if this is here tmrw!,elic,BALT,499469636,2016-12-08 18:34,1481222016,t,t,t,499469636
"bro, don't worry it will be!",darekj,BALT,952686152,2016-12-09 00:50,1481244672,t,f,f,952686152
yeah man!,darekj,BALT,953180715,2016-12-09 02:10,1481249408,t,f,f,953180715
What happens when a message is really long on the phone? What happens when a message is really long on the phone? What happens when a message is really long on the phone? What happens when a message is really long on the phone? What happens when a message is really long on the phone?What happens when a message is really long on the phone? What happens when a message is really long on the phone?,elic,BALT,10789479,2016-12-09 02:27,1481250432,t,t,t,10789479
greetings!,mrdmrd,BALT,587394322,2016-12-09 04:05:15,1481256320,t,f,f,587394322
what's up bro,mrdmrd,BALT,421014617,2016-12-09 04:22:32,1481257344,t,f,f,421014617
bro,mrdmrd,BALT,210737828,2016-12-09 04:23:03,1481257344,t,f,f,210737828
huh,mrdmrd,BALT,597121093,2016-12-09 04:23:09,1481257344,t,f,f,597121093
brogre,mrdmrd,BALT,80451936,2016-12-09 04:28:44,1481257728,t,f,f,80451936
brogre,mrdmrd,BALT,495145336,2016-12-09 04:28:56,1481257728,t,f,f,495145336
brovogre,mrdmrd,BALT,782417733,2016-12-09 04:29:47,1481257728,t,f,f,782417733
6M02TI,yuuyaw,BALT,815118401,2016-12-08 23:30:48,1481257856,f,t,t,815118401
ISGD6C,mashis,BALT,995043203,2016-12-08 23:30:48,1481257856,t,t,f,995043203
7KZ626,gabbys,BALT,64278964,2016-12-08 23:30:49,1481257856,t,f,f,64278964
KG2E9G,yuuyaw,BALT,347734433,2016-12-08 23:30:49,1481257856,t,t,t,347734433
NCIBCG,gabbys,BALT,882508473,2016-12-08 23:30:49,1481257856,t,f,t,882508473
ISFW0Z,yuuyaw,BALT,941708291,2016-12-08 23:30:49,1481257856,t,f,f,941708291
OFG9UT,shoutay,BALT,786904703,2016-12-08 23:30:49,1481257856,f,f,f,786904703
4F6AXI,yuuyaw,BALT,398706688,2016-12-08 23:30:49,1481257856,t,t,t,398706688
QUXWQZ,briank,BALT,795288155,2016-12-08 23:30:49,1481257856,f,t,f,795288155
83DC0D,yuuyaw,BALT,334097235,2016-12-08 23:30:50,1481257856,f,f,t,334097235
RO4LVT,briank,BALT,643572356,2016-12-08 23:30:50,1481257856,t,t,f,643572356
MQOJE3,paulc,BALT,68702403,2016-12-08 23:30:50,1481257856,f,t,t,68702403
EU81AC,gabbys,BALT,705147095,2016-12-08 23:30:50,1481257856,t,f,t,705147095
4DYH7V,gabbys,BALT,110863041,2016-12-08 23:30:50,1481257856,t,f,t,110863041
40OCW3,gabbys,BALT,56396439,2016-12-08 23:30:50,1481257856,f,t,f,56396439
SJA0IZ,luisv,BALT,843486893,2016-12-08 23:30:50,1481257856,t,t,t,843486893
JHQRS7,luisv,BALT,629319264,2016-12-08 23:30:50,1481257856,f,t,f,629319264
AFENS5,briank,BALT,743749587,2016-12-08 23:30:51,1481257856,t,f,f,743749587
FQSHAN,mashis,BALT,532900558,2016-12-08 23:30:51,1481257856,t,f,f,532900558
PSEP5M,briank,BALT,863300600,2016-12-08 23:30:51,1481257856,f,f,t,863300600
7HDFI4,shoutay,BALT,809422117,2016-12-08 23:30:51,1481257856,t,f,t,809422117
56T7HZ,briank,BALT,789386961,2016-12-08 23:30:51,1481257856,t,f,t,789386961
Y83J8C,luisv,BALT,681481842,2016-12-08 23:30:51,1481257856,f,t,f,681481842
U388JY,shoutay,BALT,875976222,2016-12-08 23:30:51,1481257856,t,f,f,875976222
R0AUC1,mashis,BALT,224586135,2016-12-08 23:30:51,1481257856,f,f,t,224586135
HMY07C,gabbys,BALT,564709952,2016-12-08 23:30:52,1481257856,f,f,t,564709952
GXD58Y,yuuyaw,BALT,311591555,2016-12-08 23:30:52,1481257856,f,f,f,311591555
IQWAYR,elic,BALT,872046423,2016-12-08 23:30:52,1481257856,f,t,f,872046423
7AMXLY,elic,BALT,305591516,2016-12-08 23:31:04,1481257856,f,f,f,305591516
H99IBB,luisv,BALT,664874709,2016-12-08 23:31:04,1481257856,f,t,f,664874709
5RP2NV,paulc,BALT,11358078,2016-12-08 23:31:04,1481257856,t,f,t,11358078
BFHTJS,luisv,BALT,659059511,2016-12-08 23:31:05,1481257856,t,f,t,659059511
99L2K0,elic,BALT,337296563,2016-12-08 23:31:05,1481257856,f,f,f,337296563
F5PHG9,paulc,BALT,399491445,2016-12-08 23:31:05,1481257856,t,f,t,399491445
V0JDAY,paulc,BALT,675610644,2016-12-08 23:31:05,1481257856,f,t,f,675610644
770YO3,gabbys,BALT,844255768,2016-12-08 23:31:05,1481257856,f,t,t,844255768
OW0F7G,elic,BALT,586437609,2016-12-08 23:31:05,1481257856,t,f,t,586437609
WGE2KZ,luisv,BALT,781128426,2016-12-08 23:31:05,1481257856,f,t,f,781128426
2TMZGF,yuuyaw,BALT,13788086,2016-12-08 23:31:06,1481257856,f,t,f,13788086
AOBWQ8,luisv,BALT,815867333,2016-12-08 23:31:06,1481257856,t,f,f,815867333
FA3TZ8,darekj,BALT,375247491,2016-12-08 23:31:06,1481257856,f,f,f,375247491
7WB7ZT,shoutay,BALT,516164859,2016-12-08 23:31:06,1481257856,f,t,f,516164859
3ECVNN,luisv,BALT,737686790,2016-12-08 23:31:06,1481257856,t,f,t,737686790
YMLFQT,yuuyaw,BALT,38771526,2016-12-08 23:31:06,1481257856,t,f,t,38771526
2SX8C7,mashis,BALT,608889196,2016-12-08 23:31:06,1481257856,t,t,f,608889196
OK6MIM,mashis,BALT,245336815,2016-12-08 23:31:06,1481257856,t,t,f,245336815
Y7LDCU,darekj,BALT,260653677,2016-12-08 23:31:07,1481257856,t,t,t,260653677
LYZSNF,paulc,BALT,164735601,2016-12-08 23:31:07,1481257856,f,t,f,164735601
O9UUZW,gabbys,BALT,391704595,2016-12-08 23:31:07,1481257856,f,t,t,391704595
H9NT41,briank,BALT,112428291,2016-12-08 23:31:07,1481257856,t,f,t,112428291
SYL6TY,elic,BALT,625811810,2016-12-08 23:31:07,1481257856,f,t,t,625811810
E75C8W,darekj,BALT,705748660,2016-12-08 23:31:07,1481257856,t,f,f,705748660
LXYZ6A,briank,BALT,898944254,2016-12-08 23:31:07,1481257856,f,f,f,898944254
R6YNEL,yuuyaw,BALT,583165721,2016-12-08 23:31:08,1481257856,f,f,f,583165721
6M1QV9,mashis,BALT,309042243,2016-12-08 23:31:08,1481257856,f,f,t,309042243
SOO5T5,shoutay,BALT,428009695,2016-12-08 23:31:08,1481257856,t,t,f,428009695
5JHE7Y,briank,BALT,204750844,2016-12-08 23:31:08,1481257856,t,t,f,204750844
0X3YJ0,shoutay,BALT,267495588,2016-12-08 23:31:08,1481257856,f,t,t,267495588
WZZQ8A,mashis,BALT,736748069,2016-12-08 23:31:08,1481257856,t,f,f,736748069
F492IU,yuuyaw,BALT,464478485,2016-12-08 23:31:08,1481257856,f,f,t,464478485
PIMTSP,gabbys,BALT,182067701,2016-12-08 23:31:08,1481257856,t,f,f,182067701
HZ5GEC,gabbys,BALT,585678875,2016-12-08 23:31:09,1481257856,f,f,t,585678875
VRTECC,mashis,BALT,14396506,2016-12-08 23:31:09,1481257856,f,f,f,14396506
JJR2TX,yuuyaw,BALT,922677923,2016-12-08 23:31:09,1481257856,f,f,f,922677923
CA86A4,yuuyaw,BALT,627496294,2016-12-08 23:31:09,1481257856,t,f,t,627496294
OBPHRF,paulc,BALT,852465833,2016-12-08 23:31:09,1481257856,t,f,f,852465833
8ZWB9E,mashis,BALT,275503945,2016-12-08 23:31:09,1481257856,t,t,t,275503945
C6VJP0,briank,BALT,350367519,2016-12-08 23:31:09,1481257856,f,t,t,350367519
AA9HSP,paulc,BALT,81769662,2016-12-08 23:31:10,1481257856,f,t,f,81769662
PXN8HQ,darekj,BALT,375534214,2016-12-08 23:31:10,1481257856,t,f,f,375534214
U6TB73,shoutay,BALT,589610578,2016-12-08 23:31:10,1481257856,t,t,t,589610578
OH5DT1,shoutay,BALT,124415605,2016-12-08 23:31:10,1481257856,t,t,t,124415605
OON13N,elic,BALT,499014346,2016-12-08 23:31:10,1481257856,t,f,t,499014346
JA37JZ,mashis,BALT,482926234,2016-12-08 23:31:10,1481257856,t,t,f,482926234
ANJW7D,darekj,BALT,335123303,2016-12-08 23:31:10,1481257856,t,t,t,335123303
0O4W3R,briank,BALT,947670326,2016-12-08 23:31:11,1481257856,t,f,t,947670326
I7NBIF,elic,BALT,234464330,2016-12-08 23:31:11,1481257856,t,f,f,234464330
RUJD39,yuuyaw,BALT,495961238,2016-12-08 23:31:11,1481257856,f,f,t,495961238
do the time stamps work?,mrdmrd,BALT,43404382,2016-12-09 04:31:53,1481257856,t,f,f,43404382
